support,itemsets
0.1429101786747891,frozenset({'支付方式_云闪付'})
0.1432411018436809,frozenset({'支付方式_信用卡'})
0.14291610919752912,frozenset({'支付方式_储蓄卡'})
0.14222816855968953,frozenset({'支付方式_微信支付'})
0.14301336977046505,frozenset({'支付方式_支付宝'})
0.1428971315247611,frozenset({'支付方式_现金'})
0.1427939404290852,frozenset({'支付方式_银联'})
0.06609686204180781,frozenset({'类别_上衣'})
0.07008928995037339,frozenset({'类别_健身器材'})
0.07002642640932942,frozenset({'类别_儿童课外读物'})
0.0702292502870373,frozenset({'类别_内衣'})
0.06510409253513241,frozenset({'类别_办公用品'})
0.07385873020391509,frozenset({'类别_卫浴用品'})
0.06632696632411968,frozenset({'类别_厨具'})
0.07496536574719842,frozenset({'类别_围巾'})
0.06968957271769763,frozenset({'类别_外套'})
0.06966229231309365,frozenset({'类别_婴儿用品'})
0.06846669892871038,frozenset({'类别_家具'})
0.06867070891096624,frozenset({'类别_帽子'})
0.06913684799832996,frozenset({'类别_平板电脑'})
0.06731024699441107,frozenset({'类别_床上用品'})
0.06676345279778341,frozenset({'类别_户外装备'})
0.0677514778862668,frozenset({'类别_手套'})
0.062060548264966264,frozenset({'类别_摄像机'})
0.07525951967510225,frozenset({'类别_文具'})
0.07291221877461167,frozenset({'类别_智能手机'})
0.07069894768804502,frozenset({'类别_智能手表'})
0.07590476054921386,frozenset({'类别_模型'})
0.06554413732244015,frozenset({'类别_水产'})
0.07366183684894721,frozenset({'类别_水果'})
0.06624986952849972,frozenset({'类别_汽车装饰'})
0.0711959254936567,frozenset({'类别_游戏机'})
0.06649539316993557,frozenset({'类别_玩具'})
0.07078671942459697,frozenset({'类别_益智玩具'})
0.06863156746088227,frozenset({'类别_相机'})
0.0703917466101132,frozenset({'类别_笔记本电脑'})
0.06766133394061886,frozenset({'类别_米面'})
0.07133944414396462,frozenset({'类别_耳机'})
0.06926257508041789,frozenset({'类别_肉类'})
0.06733515518991906,frozenset({'类别_蔬菜'})
0.06716435613500717,frozenset({'类别_蛋奶'})
0.07241049655080797,frozenset({'类别_裙子'})
0.07089821325210889,frozenset({'类别_裤子'})
0.06508511486236443,frozenset({'类别_调味品'})
0.06947251558541376,frozenset({'类别_车载电子'})
0.0721934394185241,frozenset({'类别_零食'})
0.06313160067180962,frozenset({'类别_鞋子'})
0.06327749153121352,frozenset({'类别_音响'})
0.07270702268780779,frozenset({'类别_饮料'})
0.010219476785561787,"frozenset({'类别_健身器材', '支付方式_云闪付'})"
0.010077144239801872,"frozenset({'支付方式_云闪付', '类别_内衣'})"
0.010562260999933577,"frozenset({'类别_卫浴用品', '支付方式_云闪付'})"
0.010682057559281505,"frozenset({'类别_围巾', '支付方式_云闪付'})"
0.010013094594209912,"frozenset({'类别_婴儿用品', '支付方式_云闪付'})"
0.010621566227333542,"frozenset({'类别_文具', '支付方式_云闪付'})"
0.010488722517957624,"frozenset({'类别_智能手机', '支付方式_云闪付'})"
0.010824390105041418,"frozenset({'类别_模型', '支付方式_云闪付'})"
0.010366553749513696,"frozenset({'类别_水果', '支付方式_云闪付'})"
0.010103238539857857,"frozenset({'类别_游戏机', '支付方式_云闪付'})"
0.010109169062597853,"frozenset({'类别_益智玩具', '支付方式_云闪付'})"
0.010040374998813896,"frozenset({'类别_笔记本电脑', '支付方式_云闪付'})"
0.0101993130082458,"frozenset({'类别_耳机', '支付方式_云闪付'})"
0.010250315503809768,"frozenset({'类别_裙子', '支付方式_云闪付'})"
0.010266920967481758,"frozenset({'类别_裤子', '支付方式_云闪付'})"
0.010313179044853729,"frozenset({'类别_零食', '支付方式_云闪付'})"
0.010561074895385578,"frozenset({'类别_饮料', '支付方式_云闪付'})"
0.010056980462485885,"frozenset({'类别_健身器材', '支付方式_信用卡'})"
0.010062910985225881,"frozenset({'支付方式_信用卡', '类别_内衣'})"
0.010703407441145492,"frozenset({'类别_卫浴用品', '支付方式_信用卡'})"
0.010789993073149439,"frozenset({'支付方式_信用卡', '类别_围巾'})"
0.010019025116949909,"frozenset({'类别_平板电脑', '支付方式_信用卡'})"
0.010646474422841527,"frozenset({'支付方式_信用卡', '类别_文具'})"
0.010335715031265716,"frozenset({'类别_智能手机', '支付方式_信用卡'})"
0.01024675719016577,"frozenset({'类别_智能手表', '支付方式_信用卡'})"
0.010990444741761318,"frozenset({'支付方式_信用卡', '类别_模型'})"
0.01050770019072561,"frozenset({'类别_水果', '支付方式_信用卡'})"
0.010147124408133831,"frozenset({'类别_游戏机', '支付方式_信用卡'})"
0.010111541271693851,"frozenset({'支付方式_信用卡', '类别_益智玩具'})"
0.010005977966921917,"frozenset({'类别_笔记本电脑', '支付方式_信用卡'})"
0.010206429635533795,"frozenset({'类别_耳机', '支付方式_信用卡'})"
0.010489908622505623,"frozenset({'支付方式_信用卡', '类别_裙子'})"
0.010021397326045907,"frozenset({'支付方式_信用卡', '类别_裤子'})"
0.01047448926338163,"frozenset({'类别_零食', '支付方式_信用卡'})"
0.010486350308861624,"frozenset({'类别_饮料', '支付方式_信用卡'})"
0.010453139381517644,"frozenset({'类别_卫浴用品', '支付方式_储蓄卡'})"
0.010784062550409442,"frozenset({'类别_围巾', '支付方式_储蓄卡'})"
0.010036816685169897,"frozenset({'支付方式_储蓄卡', '类别_外套'})"
0.010798295804985435,"frozenset({'类别_文具', '支付方式_储蓄卡'})"
0.010487536413409623,"frozenset({'类别_智能手机', '支付方式_储蓄卡'})"
0.010137635571749836,"frozenset({'类别_智能手表', '支付方式_储蓄卡'})"
0.010687988082021501,"frozenset({'支付方式_储蓄卡', '类别_模型'})"
0.010597844136373557,"frozenset({'类别_水果', '支付方式_储蓄卡'})"
0.010058166567033885,"frozenset({'类别_游戏机', '支付方式_储蓄卡'})"
0.010303690208469735,"frozenset({'类别_益智玩具', '支付方式_储蓄卡'})"
0.010074772030705875,"frozenset({'类别_相机', '支付方式_储蓄卡'})"
0.010041561103361895,"frozenset({'类别_笔记本电脑', '支付方式_储蓄卡'})"
0.010233710040137779,"frozenset({'类别_耳机', '支付方式_储蓄卡'})"
0.010321481776689725,"frozenset({'支付方式_储蓄卡', '类别_裙子'})"
0.010169660394545817,"frozenset({'支付方式_储蓄卡', '类别_裤子'})"
0.010365367644965697,"frozenset({'类别_零食', '支付方式_储蓄卡'})"
0.01023015172649378,"frozenset({'类别_饮料', '支付方式_储蓄卡'})"
0.010046305521553892,"frozenset({'支付方式_微信支付', '类别_内衣'})"
0.010489908622505623,"frozenset({'类别_卫浴用品', '支付方式_微信支付'})"
0.010669010409253513,"frozenset({'支付方式_微信支付', '类别_围巾'})"
0.010621566227333542,"frozenset({'类别_文具', '支付方式_微信支付'})"
0.010403322990501675,"frozenset({'类别_智能手机', '支付方式_微信支付'})"
0.01001783901240191,"frozenset({'类别_智能手表', '支付方式_微信支付'})"
0.010925208991621357,"frozenset({'支付方式_微信支付', '类别_模型'})"
0.010545655536261588,"frozenset({'类别_水果', '支付方式_微信支付'})"
0.010143566094489832,"frozenset({'类别_游戏机', '支付方式_微信支付'})"
0.010096121912569861,"frozenset({'类别_笔记本电脑', '支付方式_微信支付'})"
0.010185079753669807,"frozenset({'类别_耳机', '支付方式_微信支付'})"
0.010231337831041779,"frozenset({'支付方式_微信支付', '类别_裙子'})"
0.010129332839913841,"frozenset({'支付方式_微信支付', '类别_裤子'})"
0.010258618235645762,"frozenset({'类别_零食', '支付方式_微信支付'})"
0.010288270849345745,"frozenset({'类别_饮料', '支付方式_微信支付'})"
0.010126960630817843,"frozenset({'支付方式_支付宝', '类别_儿童课外读物'})"
0.01014831051268183,"frozenset({'支付方式_支付宝', '类别_内衣'})"
0.010435347813297656,"frozenset({'支付方式_支付宝', '类别_卫浴用品'})"
0.010550399954453586,"frozenset({'支付方式_支付宝', '类别_围巾'})"
0.010293015267537741,"frozenset({'类别_婴儿用品', '支付方式_支付宝'})"
0.010702221336597493,"frozenset({'支付方式_支付宝', '类别_文具'})"
0.010409253513241672,"frozenset({'类别_智能手机', '支付方式_支付宝'})"
0.010022583430593906,"frozenset({'类别_智能手表', '支付方式_支付宝'})"
0.01092046457342936,"frozenset({'支付方式_支付宝', '类别_模型'})"
0.010584796986345565,"frozenset({'支付方式_支付宝', '类别_水果'})"
0.010319109567593725,"frozenset({'类别_游戏机', '支付方式_支付宝'})"
0.010158985453613824,"frozenset({'支付方式_支付宝', '类别_益智玩具'})"
0.010053422148841888,"frozenset({'类别_笔记本电脑', '支付方式_支付宝'})"
0.010155427139969826,"frozenset({'类别_耳机', '支付方式_支付宝'})"
0.010364181540417699,"frozenset({'支付方式_支付宝', '类别_裙子'})"
0.010023769535141905,"frozenset({'支付方式_支付宝', '类别_裤子'})"
0.010105610748953857,"frozenset({'支付方式_支付宝', '类别_车载电子'})"
0.010365367644965697,"frozenset({'类别_零食', '支付方式_支付宝'})"
0.010423486767817663,"frozenset({'支付方式_支付宝', '类别_饮料'})"
0.010153054930873828,"frozenset({'支付方式_现金', '类别_儿童课外读物'})"
0.010007164071469916,"frozenset({'支付方式_现金', '类别_内衣'})"
0.010733060054845475,"frozenset({'支付方式_现金', '类别_卫浴用品'})"
0.01074017668213347,"frozenset({'支付方式_现金', '类别_围巾'})"
0.010007164071469916,"frozenset({'支付方式_现金', '类别_婴儿用品'})"
0.010934697828005352,"frozenset({'支付方式_现金', '类别_文具'})"
0.010435347813297656,"frozenset({'类别_智能手机', '支付方式_现金'})"
0.010243198876521772,"frozenset({'类别_智能手表', '支付方式_现金'})"
0.010750851623065464,"frozenset({'支付方式_现金', '类别_模型'})"
0.010534980595329594,"frozenset({'支付方式_现金', '类别_水果'})"
0.010158985453613824,"frozenset({'支付方式_现金', '类别_游戏机'})"
0.010045119417005893,"frozenset({'支付方式_现金', '类别_益智玩具'})"
0.010228965621945781,"frozenset({'类别_耳机', '支付方式_现金'})"
0.010370112063157695,"frozenset({'支付方式_现金', '类别_裙子'})"
0.010180335335477811,"frozenset({'支付方式_现金', '类别_裤子'})"
0.01024557108561777,"frozenset({'支付方式_现金', '类别_零食'})"
0.010240826667425774,"frozenset({'支付方式_现金', '类别_饮料'})"
0.01016372987180582,"frozenset({'类别_健身器材', '支付方式_银联'})"
0.010481605890669626,"frozenset({'支付方式_银联', '类别_卫浴用品'})"
0.010749665518517464,"frozenset({'支付方式_银联', '类别_围巾'})"
0.010014280698757911,"frozenset({'支付方式_银联', '类别_外套'})"
0.010934697828005352,"frozenset({'支付方式_银联', '类别_文具'})"
0.010352320494937705,"frozenset({'类别_智能手机', '支付方式_银联'})"
0.010102052435309858,"frozenset({'类别_智能手表', '支付方式_银联'})"
0.010805412432273431,"frozenset({'支付方式_银联', '类别_模型'})"
0.010524305654397602,"frozenset({'类别_水果', '支付方式_银联'})"
0.010265734862933758,"frozenset({'类别_游戏机', '支付方式_银联'})"
0.010085446971637869,"frozenset({'支付方式_银联', '类别_益智玩具'})"
0.010155427139969826,"frozenset({'类别_笔记本电脑', '支付方式_银联'})"
0.01013051894446184,"frozenset({'类别_耳机', '支付方式_银联'})"
0.010383159213185687,"frozenset({'支付方式_银联', '类别_裙子'})"
0.010106796853501855,"frozenset({'支付方式_银联', '类别_裤子'})"
0.010170846499093816,"frozenset({'类别_零食', '支付方式_银联'})"
0.01047686147247763,"frozenset({'支付方式_银联', '类别_饮料'})"
