support,itemsets
0.066314876829049,frozenset({'类别_上衣'})
0.07027429281519106,frozenset({'类别_健身器材'})
0.07006065526198195,frozenset({'类别_儿童课外读物'})
0.07021910311394537,frozenset({'类别_内衣'})
0.0652288859335694,frozenset({'类别_办公用品'})
0.07359991739347943,frozenset({'类别_卫浴用品'})
0.06609589833700968,frozenset({'类别_厨具'})
0.07530011625443521,frozenset({'类别_围巾'})
0.06965652422382806,frozenset({'类别_外套'})
0.06976690362631943,frozenset({'类别_婴儿用品'})
0.06824473605970457,frozenset({'类别_家具'})
0.06846371455174391,frozenset({'类别_帽子'})
0.06919008223265485,frozenset({'类别_平板电脑'})
0.06767325560487022,frozenset({'类别_床上用品'})
0.06654987813757902,frozenset({'类别_户外装备'})
0.067863749089815,frozenset({'类别_手套'})
0.062065269833131265,frozenset({'类别_摄像机'})
0.07518083528722679,frozenset({'类别_文具'})
0.07279699625600188,frozenset({'类别_智能手机'})
0.07103270612908337,frozenset({'类别_智能手表'})
0.07569890635375887,frozenset({'类别_模型'})
0.06525203000183372,frozenset({'类别_水产'})
0.0738260171372924,frozenset({'类别_水果'})
0.06632911933259629,frozenset({'类别_汽车装饰'})
0.07155077719561545,frozenset({'类别_游戏机'})
0.06622764149482196,frozenset({'类别_玩具'})
0.07042561941538084,frozenset({'类别_益智玩具'})
0.0683657973398564,frozenset({'类别_相机'})
0.07022266373983219,frozenset({'类别_笔记本电脑'})
0.06752905025645407,frozenset({'类别_米面'})
0.07169498254403159,frozenset({'类别_耳机'})
0.06937167415288259,frozenset({'类别_肉类'})
0.06751836837879363,frozenset({'类别_蔬菜'})
0.06731541270324498,frozenset({'类别_蛋奶'})
0.07236259989781003,frozenset({'类别_裙子'})
0.07078702294289291,frozenset({'类别_裤子'})
0.06488528553549143,frozenset({'类别_调味品'})
0.06923993099507031,frozenset({'类别_车载电子'})
0.07234301645543254,frozenset({'类别_零食'})
0.06284504690234449,frozenset({'类别_鞋子'})
0.06322425355929065,frozenset({'类别_音响'})
0.0726456696558121,frozenset({'类别_饮料'})
0.5008091522327794,frozenset({'退款状态_已退款'})
0.4991908477672205,frozenset({'退款状态_部分退款'})
0.03314408606744894,"frozenset({'退款状态_已退款', '类别_上衣'})"
0.03317079076160007,"frozenset({'退款状态_部分退款', '类别_上衣'})"
0.03501163434508518,"frozenset({'退款状态_已退款', '类别_健身器材'})"
0.03526265847010587,"frozenset({'类别_健身器材', '退款状态_部分退款'})"
0.03516296094527496,"frozenset({'退款状态_已退款', '类别_儿童课外读物'})"
0.034897694316706994,"frozenset({'退款状态_部分退款', '类别_儿童课外读物'})"
0.035403303192635203,"frozenset({'退款状态_已退款', '类别_内衣'})"
0.03481579992131017,"frozenset({'退款状态_部分退款', '类别_内衣'})"
0.03296427446016461,"frozenset({'退款状态_已退款', '类别_办公用品'})"
0.03226461147340479,"frozenset({'退款状态_部分退款', '类别_办公用品'})"
0.005086354079320063,"frozenset({'类别_卫浴用品', '类别_文具'})"
0.005000899058036422,"frozenset({'类别_卫浴用品', '类别_模型'})"
0.03693971326279733,"frozenset({'退款状态_已退款', '类别_卫浴用品'})"
0.03666020413068209,"frozenset({'退款状态_部分退款', '类别_卫浴用品'})"
0.03313874512861871,"frozenset({'类别_厨具', '退款状态_已退款'})"
0.032957153208390974,"frozenset({'类别_厨具', '退款状态_部分退款'})"
0.005219877550075753,"frozenset({'类别_文具', '类别_围巾'})"
0.005141543780565748,"frozenset({'类别_围巾', '类别_模型'})"
0.005000899058036422,"frozenset({'类别_零食', '类别_围巾'})"
0.03765539906604783,"frozenset({'退款状态_已退款', '类别_围巾'})"
0.037644717188387376,"frozenset({'退款状态_部分退款', '类别_围巾'})"
0.034869209309612445,"frozenset({'退款状态_已退款', '类别_外套'})"
0.03478731491421562,"frozenset({'退款状态_部分退款', '类别_外套'})"
0.03503833903923632,"frozenset({'退款状态_已退款', '类别_婴儿用品'})"
0.034728564587083115,"frozenset({'类别_婴儿用品', '退款状态_部分退款'})"
0.034251440718249454,"frozenset({'类别_家具', '退款状态_已退款'})"
0.03399329534145512,"frozenset({'类别_家具', '退款状态_部分退款'})"
0.03434579730425014,"frozenset({'类别_帽子', '退款状态_已退款'})"
0.034117917247493766,"frozenset({'类别_帽子', '退款状态_部分退款'})"
0.03468227645055448,"frozenset({'退款状态_已退款', '类别_平板电脑'})"
0.03450780578210038,"frozenset({'退款状态_部分退款', '类别_平板电脑'})"
0.03382416561183125,"frozenset({'类别_床上用品', '退款状态_已退款'})"
0.033849089993038976,"frozenset({'类别_床上用品', '退款状态_部分退款'})"
0.033151207319222574,"frozenset({'退款状态_已退款', '类别_户外装备'})"
0.03339867081835645,"frozenset({'退款状态_部分退款', '类别_户外装备'})"
0.03394522689198307,"frozenset({'类别_手套', '退款状态_已退款'})"
0.03391852219783194,"frozenset({'类别_手套', '退款状态_部分退款'})"
0.031205325272076326,"frozenset({'退款状态_已退款', '类别_摄像机'})"
0.030859944561054942,"frozenset({'类别_摄像机', '退款状态_部分退款'})"
0.005178930352377341,"frozenset({'类别_文具', '类别_模型'})"
0.0050827934534332445,"frozenset({'类别_水果', '类别_文具'})"
0.03800790102884285,"frozenset({'退款状态_已退款', '类别_文具'})"
0.03717293425838394,"frozenset({'退款状态_部分退款', '类别_文具'})"
0.03641630125743503,"frozenset({'类别_智能手机', '退款状态_已退款'})"
0.036380694998566845,"frozenset({'类别_智能手机', '退款状态_部分退款'})"
0.03564186512705203,"frozenset({'类别_智能手表', '退款状态_已退款'})"
0.03539084100203134,"frozenset({'类别_智能手表', '退款状态_部分退款'})"
0.037603769990688964,"frozenset({'退款状态_已退款', '类别_模型'})"
0.0380951363630699,"frozenset({'退款状态_部分退款', '类别_模型'})"
0.033126282938014846,"frozenset({'退款状态_已退款', '类别_水产'})"
0.03212574706381888,"frozenset({'类别_水产', '退款状态_部分退款'})"
0.03692725107219347,"frozenset({'退款状态_已退款', '类别_水果'})"
0.036898766065098926,"frozenset({'类别_水果', '退款状态_部分退款'})"
0.03309245699209007,"frozenset({'退款状态_已退款', '类别_汽车装饰'})"
0.033236662340506214,"frozenset({'退款状态_部分退款', '类别_汽车装饰'})"
0.03563118324939158,"frozenset({'类别_游戏机', '退款状态_已退款'})"
0.03591959394622387,"frozenset({'类别_游戏机', '退款状态_部分退款'})"
0.032948251643673925,"frozenset({'类别_玩具', '退款状态_已退款'})"
0.033279389851148033,"frozenset({'类别_玩具', '退款状态_部分退款'})"
0.03518788532648269,"frozenset({'退款状态_已退款', '类别_益智玩具'})"
0.035237734088898146,"frozenset({'退款状态_部分退款', '类别_益智玩具'})"
0.03408943224039922,"frozenset({'退款状态_已退款', '类别_相机'})"
0.03427636509945718,"frozenset({'退款状态_部分退款', '类别_相机'})"
0.03514515781584087,"frozenset({'类别_笔记本电脑', '退款状态_已退款'})"
0.035077505923991316,"frozenset({'类别_笔记本电脑', '退款状态_部分退款'})"
0.033854430931869205,"frozenset({'退款状态_已退款', '类别_米面'})"
0.033674619324584876,"frozenset({'退款状态_部分退款', '类别_米面'})"
0.03599436708984705,"frozenset({'类别_耳机', '退款状态_已退款'})"
0.035700615454184535,"frozenset({'类别_耳机', '退款状态_部分退款'})"
0.03496000526972631,"frozenset({'退款状态_已退款', '类别_肉类'})"
0.034411668883156284,"frozenset({'类别_肉类', '退款状态_部分退款'})"
0.03359272492918805,"frozenset({'退款状态_已退款', '类别_蔬菜'})"
0.03392564344960557,"frozenset({'退款状态_部分退款', '类别_蔬菜'})"
0.03376363497175534,"frozenset({'类别_蛋奶', '退款状态_已退款'})"
0.033551777731489645,"frozenset({'类别_蛋奶', '退款状态_部分退款'})"
0.03611364805705547,"frozenset({'退款状态_已退款', '类别_裙子'})"
0.036248951840754565,"frozenset({'退款状态_部分退款', '类别_裙子'})"
0.03546739445859793,"frozenset({'退款状态_已退款', '类别_裤子'})"
0.03531962848429497,"frozenset({'退款状态_部分退款', '类别_裤子'})"
0.03276665972344619,"frozenset({'类别_调味品', '退款状态_已退款'})"
0.03211862581204524,"frozenset({'类别_调味品', '退款状态_部分退款'})"
0.03464132925285607,"frozenset({'退款状态_已退款', '类别_车载电子'})"
0.03459860174221425,"frozenset({'退款状态_部分退款', '类别_车载电子'})"
0.03634508873969866,"frozenset({'类别_零食', '退款状态_已退款'})"
0.035997927715733874,"frozenset({'类别_零食', '退款状态_部分退款'})"
0.03154358473132407,"frozenset({'退款状态_已退款', '类别_鞋子'})"
0.03130146217102042,"frozenset({'类别_鞋子', '退款状态_部分退款'})"
0.031602335058456575,"frozenset({'类别_音响', '退款状态_已退款'})"
0.031621918500834074,"frozenset({'类别_音响', '退款状态_部分退款'})"
0.036494635026945034,"frozenset({'退款状态_已退款', '类别_饮料'})"
0.03615103462886706,"frozenset({'退款状态_部分退款', '类别_饮料'})"
